{
  "instance": "R209",
  "vehicles": 8,
  "total_distance": 1279.005,
  "capacity": 200,
  "horizon": 992.4832319445123,
  "feasible": true,
  "routes": [
    [
      77,
      78,
      4,
      79,
      35,
      36,
      66,
      67,
      21,
      33,
      11,
      71,
      2
    ],
    [
      96,
      100,
      60,
      93,
      99,
      94,
      86,
      92,
      101,
      38,
      97
    ],
    [
      54,
      41,
      74,
      75,
      57,
      40,
      68,
      26,
      56,
      5,
      55,
      25,
      81,
      69
    ],
    [
      22,
      73,
      76,
      24,
      23,
      42,
      3,
      88,
      58,
      16,
      44,
      43,
      98
    ],
    [
      29,
      13,
      30,
      80,
      52,
      31,
      72,
      10,
      82,
      34,
      51,
      27
    ],
    [
      84,
      6,
      62,
      17,
      45,
      15,
      39,
      87,
      18,
      85,
      61,
      90
    ],
    [
      53,
      83,
      48,
      20,
      12,
      64,
      91,
      65,
      50,
      37,
      47,
      46,
      9,
      49
    ],
    [
      28,
      70,
      32,
      89,
      63,
      8,
      19,
      7,
      95,
      14,
      59
    ]
  ]
}