{
  "instance": "R203",
  "vehicles": 8,
  "total_distance": 1373.195,
  "capacity": 200,
  "horizon": 992.4832319445123,
  "feasible": true,
  "routes": [
    [
      97,
      100,
      60,
      94,
      86,
      92,
      101,
      99,
      38,
      98,
      59
    ],
    [
      28,
      70,
      32,
      31,
      52,
      10,
      79,
      80,
      4,
      69,
      81,
      13
    ],
    [
      51,
      34,
      72,
      66,
      21,
      33,
      91,
      64,
      65,
      12,
      20,
      63,
      89,
      2,
      77
    ],
    [
      53,
      8,
      83,
      49,
      37,
      47,
      46,
      9,
      48,
      50,
      11,
      67,
      71
    ],
    [
      41,
      22,
      74,
      23,
      76,
      57,
      5,
      56,
      25,
      30,
      35,
      36,
      82,
      78,
      29
    ],
    [
      54,
      7,
      61,
      6,
      85,
      62,
      17,
      87,
      18,
      84,
      19,
      90
    ],
    [
      73,
      40,
      24,
      68,
      26,
      55,
      27
    ],
    [
      95,
      96,
      93,
      43,
      16,
      44,
      39,
      45,
      15,
      88,
      58,
      42,
      75,
      3,
      14
    ]
  ]
}