{
  "instance": "RC206",
  "vehicles": 9,
  "total_distance": 1727.978,
  "capacity": 200,
  "horizon": 950.2264293883965,
  "feasible": true,
  "routes": [
    [
      6,
      46,
      9,
      47,
      5,
      4,
      2,
      101,
      71,
      69
    ],
    [
      93,
      57,
      85,
      51,
      33,
      27,
      35,
      94,
      97,
      55
    ],
    [
      66,
      83,
      16,
      17,
      48,
      15,
      13,
      89,
      62,
      42,
      72,
      95,
      82
    ],
    [
      70,
      3,
      7,
      8,
      80,
      74,
      79,
      61,
      56
    ],
    [
      96,
      32,
      30,
      28,
      29,
      31,
      34,
      64,
      52,
      23,
      58,
      100,
      91
    ],
    [
      73,
      45,
      43,
      40,
      39,
      37,
      41,
      36,
      38,
      44
    ],
    [
      68,
      63,
      86,
      77,
      19,
      22,
      24,
      20,
      50,
      21,
      25,
      67
    ],
    [
      65,
      84,
      53,
      60,
      76,
      98,
      88,
      10,
      14,
      18,
      11
    ],
    [
      99,
      54,
      12,
      87,
      75,
      59,
      78,
      26,
      49,
      90,
      92,
      81
    ]
  ]
}