{
  "instance": "R110",
  "vehicles": 14,
  "total_distance": 1685.51,
  "capacity": 200,
  "horizon": 222.4832319445123,
  "feasible": true,
  "routes": [
    [
      77,
      52,
      82,
      79,
      35,
      36,
      2
    ],
    [
      3,
      42,
      23,
      76,
      24,
      68,
      26,
      56
    ],
    [
      29,
      13,
      30,
      80,
      4,
      51,
      78,
      69
    ],
    [
      34,
      10,
      72,
      66,
      21,
      67
    ],
    [
      43,
      15,
      39,
      87,
      45,
      92,
      101
    ],
    [
      53,
      19,
      95,
      97,
      7
    ],
    [
      32,
      89,
      8,
      20,
      63,
      11,
      33,
      71
    ],
    [
      83,
      48,
      50,
      37,
      47,
      49
    ],
    [
      28,
      70,
      31,
      91,
      64,
      12,
      65
    ],
    [
      54,
      27,
      55,
      25,
      81
    ],
    [
      100,
      62,
      17,
      86,
      38,
      93,
      98,
      14
    ],
    [
      41,
      22,
      74,
      73,
      75,
      57,
      40,
      5
    ],
    [
      96,
      60,
      94,
      99,
      88,
      58,
      16,
      44,
      59
    ],
    [
      84,
      6,
      85,
      18,
      46,
      9,
      61,
      90
    ]
  ]
}