{
  "instance": "R208",
  "vehicles": 8,
  "total_distance": 905.0,
  "capacity": 200,
  "horizon": 1000.0,
  "feasible": true,
  "routes": [
    [
      7,
      93,
      99,
      62,
      17,
      87,
      39,
      45,
      15,
      43,
      44,
      16,
      58,
      3,
      59
    ],
    [
      54,
      41,
      22,
      74,
      73,
      75,
      23,
      42,
      76,
      57,
      5,
      27
    ],
    [
      53,
      8,
      63,
      20,
      12,
      65,
      50,
      37,
      48,
      49,
      83,
      19
    ],
    [
      95,
      97,
      100,
      60,
      98,
      88,
      14
    ],
    [
      28,
      70,
      2,
      71,
      31,
      52,
      21,
      67,
      33,
      64,
      91,
      11,
      32,
      89
    ],
    [
      77,
      81,
      69,
      30,
      25,
      40,
      24,
      68,
      26,
      56,
      55,
      13
    ],
    [
      90,
      61,
      84,
      9,
      47,
      46,
      18,
      85,
      6,
      94,
      86,
      92,
      101,
      38,
      96
    ],
    [
      51,
      34,
      82,
      10,
      72,
      66,
      36,
      35,
      79,
      80,
      4,
      78,
      29
    ]
  ]
}