{
  "instance": "R103",
  "vehicles": 15,
  "total_distance": 1310.0,
  "capacity": 200,
  "horizon": 230.0,
  "feasible": true,
  "routes": [
    [
      66,
      72,
      10,
      36,
      52,
      2
    ],
    [
      37,
      65,
      50,
      48,
      49,
      83
    ],
    [
      41,
      54
    ],
    [
      51,
      34,
      82,
      79,
      35,
      4,
      78,
      29
    ],
    [
      96,
      98,
      88,
      14
    ],
    [
      19,
      46,
      85,
      6,
      84,
      61,
      90
    ],
    [
      53,
      8,
      20,
      12,
      64,
      91,
      11
    ],
    [
      27,
      40,
      24,
      68,
      56,
      26,
      55
    ],
    [
      77,
      80,
      30,
      25,
      69,
      81,
      13
    ],
    [
      93,
      99,
      15,
      45,
      39,
      87,
      17,
      86,
      92,
      101,
      38
    ],
    [
      43,
      44,
      16,
      42,
      76,
      57,
      5
    ],
    [
      32,
      63,
      89,
      9,
      47,
      18,
      62,
      94
    ],
    [
      3,
      58,
      23,
      75,
      73,
      74,
      22,
      59
    ],
    [
      95,
      60,
      100,
      97,
      7
    ],
    [
      28,
      70,
      31,
      21,
      67,
      33,
      71
    ]
  ]
}