{
  "instance": "RC203",
  "vehicles": 9,
  "total_distance": 1184.0,
  "capacity": 200,
  "horizon": 960.0,
  "feasible": true,
  "routes": [
    [
      82,
      55,
      43,
      40,
      37,
      36,
      38,
      73,
      72,
      94,
      95,
      97
    ],
    [
      93,
      96,
      63,
      34,
      32,
      30,
      28,
      27,
      29,
      31,
      33,
      35,
      68,
      81
    ],
    [
      92,
      65,
      52,
      77,
      90,
      64,
      86,
      51,
      85,
      57
    ],
    [
      24,
      22,
      49,
      19,
      20,
      50,
      21,
      23,
      67,
      91
    ],
    [
      83,
      54,
      80,
      8,
      7,
      9,
      47,
      5,
      3,
      101,
      71
    ],
    [
      66,
      100,
      53,
      88,
      98,
      60,
      75,
      59,
      76,
      78,
      26,
      25,
      84
    ],
    [
      70,
      13,
      15,
      48,
      16,
      12,
      10,
      11,
      56
    ],
    [
      99,
      89,
      61,
      79,
      74,
      18,
      17,
      14,
      87,
      58
    ],
    [
      46,
      6,
      4,
      2,
      45,
      44,
      41,
      39,
      42,
      62,
      69
    ]
  ]
}