{
  "instance": "RC201",
  "vehicles": 9,
  "total_distance": 1495.0,
  "capacity": 200,
  "horizon": 960.0,
  "feasible": true,
  "routes": [
    [
      93,
      84,
      60,
      76,
      53,
      87,
      58,
      100,
      67,
      57,
      51,
      94
    ],
    [
      70,
      99,
      89,
      62,
      82,
      55,
      97,
      69,
      56,
      71
    ],
    [
      65,
      20,
      24,
      22,
      19,
      52,
      85,
      95,
      81
    ],
    [
      15,
      48,
      17,
      16,
      12,
      13,
      79,
      74,
      80,
      61
    ],
    [
      73,
      72,
      68,
      63,
      86,
      77,
      50,
      23,
      21,
      25,
      49,
      26,
      78,
      59
    ],
    [
      6,
      46,
      3,
      7,
      8,
      9,
      47,
      4,
      2,
      5,
      101
    ],
    [
      66,
      83,
      91,
      54,
      10,
      88,
      98,
      11,
      18,
      14,
      75
    ],
    [
      43,
      40,
      37,
      39,
      45,
      42,
      41,
      36,
      38,
      44
    ],
    [
      96,
      64,
      34,
      32,
      30,
      28,
      31,
      29,
      27,
      35,
      33,
      90,
      92
    ]
  ]
}