{
  "instance": "C102",
  "vehicles": 11,
  "total_distance": 1401.865,
  "capacity": 200,
  "horizon": 1227.2427887715323,
  "feasible": true,
  "routes": [
    [
      91,
      88,
      87,
      84,
      83,
      85,
      86,
      89,
      90,
      92
    ],
    [
      44,
      56,
      72,
      71,
      74,
      78,
      80,
      81,
      73
    ],
    [
      22,
      25,
      28,
      30,
      31,
      29,
      27,
      24,
      23
    ],
    [
      68,
      66,
      64,
      63,
      75,
      62,
      65,
      69,
      67,
      70
    ],
    [
      14,
      18,
      19,
      11,
      12,
      10,
      7,
      5,
      4,
      6
    ],
    [
      33,
      34,
      36,
      38,
      39,
      40,
      37,
      35,
      32
    ],
    [
      8,
      9,
      3,
      98,
      101,
      100,
      2,
      76
    ],
    [
      21,
      26,
      20,
      16,
      17,
      15,
      13
    ],
    [
      43,
      42,
      41,
      45,
      47,
      46,
      49,
      52,
      51,
      53,
      50,
      48
    ],
    [
      82,
      79,
      77,
      93,
      94,
      95,
      96,
      97,
      99
    ],
    [
      58,
      55,
      54,
      57,
      59,
      61,
      60
    ]
  ]
}