{
  "instance": "R201",
  "vehicles": 8,
  "total_distance": 1648.3,
  "capacity": 200,
  "horizon": 992.4832319445123,
  "feasible": true,
  "routes": [
    [
      84,
      46,
      6,
      62,
      17,
      45,
      39,
      87,
      18,
      61,
      14,
      59
    ],
    [
      60,
      99,
      86,
      100,
      88,
      58,
      42,
      23,
      57,
      75,
      5,
      56,
      26
    ],
    [
      73,
      40,
      24,
      68,
      76,
      74,
      41,
      54,
      95,
      7
    ],
    [
      28,
      70,
      32,
      53,
      83,
      19,
      9,
      85,
      97,
      98,
      38,
      44,
      101,
      92,
      94,
      90
    ],
    [
      29,
      13,
      30,
      77,
      80,
      82,
      52,
      10,
      79,
      35,
      4,
      51
    ],
    [
      96,
      93,
      15,
      43,
      16,
      3,
      22,
      27,
      55,
      25,
      69,
      81,
      78
    ],
    [
      34,
      66,
      72,
      31,
      91,
      11,
      21,
      67,
      36,
      33,
      71,
      2
    ],
    [
      48,
      37,
      64,
      65,
      12,
      63,
      89,
      8,
      20,
      50,
      47,
      49
    ]
  ]
}