{
  "instance": "C103",
  "vehicles": 10,
  "total_distance": 916.0,
  "capacity": 200,
  "horizon": 1236.0,
  "feasible": true,
  "routes": [
    [
      82,
      79,
      77,
      72,
      71,
      74,
      78,
      80,
      81,
      58,
      60
    ],
    [
      76,
      6,
      8,
      9,
      11,
      12,
      10,
      7,
      5,
      2,
      3,
      4
    ],
    [
      91,
      88,
      87,
      84,
      83,
      85,
      86,
      89,
      90,
      92
    ],
    [
      99,
      97,
      96,
      95,
      93,
      94,
      98,
      101,
      100
    ],
    [
      44,
      43,
      42,
      41,
      45,
      46,
      47,
      52,
      32,
      53,
      50
    ],
    [
      56,
      55,
      54,
      57,
      59,
      61,
      49,
      51,
      48
    ],
    [
      21,
      26,
      28,
      31,
      29,
      27,
      24,
      23,
      22
    ],
    [
      14,
      18,
      19,
      20,
      16,
      17,
      15,
      13
    ],
    [
      33,
      34,
      36,
      38,
      39,
      40,
      37,
      35,
      30,
      25
    ],
    [
      68,
      66,
      64,
      63,
      75,
      73,
      62,
      65,
      69,
      67,
      70
    ]
  ]
}