{
  "instance": "C104",
  "vehicles": 10,
  "total_distance": 1193.012,
  "capacity": 200,
  "horizon": 1227.2427887715323,
  "feasible": true,
  "routes": [
    [
      99,
      97,
      96,
      95,
      93,
      94,
      98,
      101,
      100
    ],
    [
      23,
      26,
      31,
      40,
      39,
      38,
      35,
      30,
      28,
      25,
      21
    ],
    [
      79,
      77,
      72,
      71,
      74,
      78,
      80,
      81,
      82,
      64
    ],
    [
      91,
      88,
      87,
      84,
      83,
      85,
      86,
      89,
      90,
      92
    ],
    [
      68,
      66,
      63,
      75,
      73,
      62,
      65,
      67,
      70
    ],
    [
      14,
      16,
      13,
      15,
      17,
      20,
      19,
      18,
      11
    ],
    [
      44,
      43,
      45,
      60,
      58,
      46,
      49,
      52,
      51,
      47
    ],
    [
      6,
      4,
      8,
      9,
      12,
      10,
      7,
      5,
      3,
      2,
      76
    ],
    [
      69,
      56,
      55,
      54,
      57,
      59,
      61,
      41,
      42
    ],
    [
      48,
      50,
      53,
      32,
      36,
      34,
      33,
      24,
      27,
      29,
      22
    ]
  ]
}