{
  "instance": "C204",
  "vehicles": 10,
  "total_distance": 978.0,
  "capacity": 200,
  "horizon": 3390.0,
  "feasible": true,
  "routes": [
    [
      49,
      56,
      55,
      54,
      57,
      59,
      61,
      60,
      50,
      66,
      69
    ],
    [
      92,
      89,
      85,
      83,
      84,
      87,
      91,
      97,
      64
    ],
    [
      68,
      63,
      75,
      73,
      62,
      65,
      67,
      70
    ],
    [
      23,
      28,
      31,
      30,
      35,
      37,
      40,
      29,
      27,
      24,
      26,
      22
    ],
    [
      86,
      77,
      72,
      71,
      74,
      81,
      80,
      82,
      79,
      78,
      88
    ],
    [
      94,
      6,
      76,
      3,
      12,
      11,
      9
    ],
    [
      18,
      19,
      20,
      17,
      15,
      13,
      16,
      14,
      10
    ],
    [
      21,
      25,
      7,
      33,
      34,
      39,
      38,
      36,
      32,
      53
    ],
    [
      90,
      8,
      99,
      2,
      100,
      101,
      98,
      93,
      95,
      96,
      4,
      5
    ],
    [
      44,
      43,
      42,
      47,
      41,
      58,
      45,
      46,
      52,
      51,
      48
    ]
  ]
}