{
  "instance": "C208",
  "vehicles": 10,
  "total_distance": 1017.0,
  "capacity": 200,
  "horizon": 3390.0,
  "feasible": true,
  "routes": [
    [
      64,
      75,
      63,
      67,
      7,
      32,
      52,
      51,
      53
    ],
    [
      70,
      50,
      55,
      54,
      57,
      59,
      61,
      60,
      45,
      46,
      48
    ],
    [
      25,
      30,
      33,
      34,
      36,
      38,
      39,
      40,
      37,
      35
    ],
    [
      68,
      73,
      62,
      65,
      69,
      66,
      56,
      58,
      41,
      47,
      42,
      43,
      44,
      49
    ],
    [
      13,
      15,
      17,
      16,
      14,
      10,
      12,
      11,
      9
    ],
    [
      21,
      23,
      28,
      31,
      29,
      27,
      24,
      19,
      20,
      18,
      26,
      22
    ],
    [
      76,
      3,
      90,
      92,
      89,
      85,
      83,
      84,
      88,
      91
    ],
    [
      6,
      2,
      100,
      101,
      98,
      93,
      95,
      96,
      99,
      8,
      4,
      5
    ],
    [
      87,
      86,
      77,
      72,
      71,
      74,
      81,
      80,
      82,
      79,
      78,
      97
    ],
    [
      94
    ]
  ]
}