{
  "instance": "R104",
  "vehicles": 10,
  "total_distance": 1106.0,
  "capacity": 200,
  "horizon": 230.0,
  "feasible": true,
  "routes": [
    [
      71,
      31,
      21,
      10,
      36,
      35,
      79,
      82,
      34,
      51
    ],
    [
      2,
      52,
      72,
      66,
      67,
      33,
      91,
      64,
      11,
      32
    ],
    [
      90,
      61,
      84,
      46,
      9,
      47,
      48,
      20,
      8,
      53
    ],
    [
      76,
      57,
      24,
      68,
      40,
      5,
      78,
      4
    ],
    [
      28,
      89,
      63,
      12,
      65,
      50,
      37,
      49,
      83,
      19
    ],
    [
      29,
      70,
      77,
      54,
      14,
      98,
      95
    ],
    [
      27,
      13,
      81,
      69,
      30,
      80,
      25,
      56,
      26,
      55
    ],
    [
      7,
      97,
      60,
      99,
      94,
      100,
      85,
      18,
      87,
      17,
      62,
      6
    ],
    [
      41,
      3,
      58,
      16,
      88,
      42,
      23,
      75,
      73,
      74,
      22,
      59
    ],
    [
      93,
      86,
      92,
      45,
      39,
      15,
      44,
      43,
      38,
      101,
      96
    ]
  ]
}