{
  "instance": "R107",
  "vehicles": 11,
  "total_distance": 1183.0,
  "capacity": 200,
  "horizon": 230.0,
  "feasible": true,
  "routes": [
    [
      19,
      84,
      46,
      47,
      9,
      85,
      62,
      92,
      101,
      94,
      60
    ],
    [
      41,
      54,
      7,
      90
    ],
    [
      32,
      63,
      12,
      65,
      50,
      20,
      49,
      83,
      8,
      53
    ],
    [
      97,
      86,
      17,
      45,
      15,
      39,
      87,
      18,
      6,
      61
    ],
    [
      22,
      40,
      24,
      68,
      57,
      56,
      26,
      55,
      27
    ],
    [
      37,
      48,
      89,
      11,
      64,
      91,
      33,
      71
    ],
    [
      96,
      43,
      44,
      16,
      42,
      23,
      76,
      75,
      5,
      73,
      74
    ],
    [
      70,
      31,
      21,
      52,
      10,
      4,
      69,
      78,
      29
    ],
    [
      95,
      93,
      38,
      99,
      100,
      98,
      88,
      58,
      3,
      14,
      59
    ],
    [
      2,
      34,
      66,
      67,
      72,
      36,
      82,
      51
    ],
    [
      28,
      77,
      80,
      79,
      35,
      30,
      25,
      81,
      13
    ]
  ]
}