{
  "instance": "R109",
  "vehicles": 13,
  "total_distance": 1292.0,
  "capacity": 200,
  "horizon": 230.0,
  "feasible": true,
  "routes": [
    [
      83,
      20,
      12,
      65,
      50,
      49
    ],
    [
      6,
      62,
      17,
      87,
      39,
      44,
      59
    ],
    [
      84,
      46,
      9,
      19,
      85,
      97,
      98,
      14
    ],
    [
      96,
      43,
      16,
      58,
      88,
      95,
      7
    ],
    [
      93,
      99,
      60,
      100,
      86,
      45,
      15,
      92,
      101,
      38,
      94
    ],
    [
      28,
      70,
      31,
      72,
      66,
      67,
      21,
      71,
      2
    ],
    [
      29,
      30,
      80,
      34,
      82,
      51,
      4,
      69
    ],
    [
      3,
      24,
      68,
      40,
      26,
      56,
      55,
      25,
      81
    ],
    [
      22,
      74,
      73,
      76,
      23,
      42,
      75,
      57,
      5
    ],
    [
      32,
      89,
      63,
      64,
      91,
      33,
      11
    ],
    [
      54,
      41,
      27
    ],
    [
      13,
      77,
      52,
      10,
      79,
      35,
      36,
      78
    ],
    [
      53,
      8,
      48,
      37,
      47,
      18,
      61,
      90
    ]
  ]
}