{
  "instance": "R109",
  "vehicles": 15,
  "total_distance": 1793.899,
  "capacity": 200,
  "horizon": 222.4832319445123,
  "feasible": true,
  "routes": [
    [
      54,
      41,
      27,
      81,
      69,
      78
    ],
    [
      3,
      16,
      43,
      88,
      58,
      59
    ],
    [
      53,
      89,
      63,
      8,
      9
    ],
    [
      32,
      31,
      91,
      64,
      33,
      71
    ],
    [
      24,
      68,
      40,
      26,
      56,
      55,
      25
    ],
    [
      29,
      13,
      77,
      30,
      80,
      4,
      51
    ],
    [
      73,
      22,
      74,
      76,
      42,
      23,
      75,
      57,
      5
    ],
    [
      96,
      93,
      15,
      45,
      39,
      44,
      14
    ],
    [
      20,
      12,
      65,
      11
    ],
    [
      60,
      100,
      99,
      86,
      94,
      97
    ],
    [
      28,
      70,
      52,
      10,
      82,
      79,
      35,
      36
    ],
    [
      83,
      48,
      37,
      50,
      47,
      49
    ],
    [
      6,
      62,
      17,
      87,
      85,
      18,
      61,
      90
    ],
    [
      34,
      72,
      66,
      67,
      21,
      2
    ],
    [
      84,
      46,
      19,
      7,
      95,
      98,
      38,
      101,
      92
    ]
  ]
}