{
  "instance": "R111",
  "vehicles": 14,
  "total_distance": 1679.263,
  "capacity": 200,
  "horizon": 222.4832319445123,
  "feasible": true,
  "routes": [
    [
      95,
      97,
      100,
      60,
      99,
      94,
      86,
      92,
      101,
      38
    ],
    [
      16,
      42,
      23,
      76,
      74,
      75,
      73,
      22,
      59
    ],
    [
      70,
      2,
      52,
      10,
      72,
      36,
      51
    ],
    [
      29,
      77,
      4,
      80,
      69,
      78
    ],
    [
      37,
      47,
      9,
      19,
      53
    ],
    [
      28,
      31,
      66,
      67,
      21,
      71
    ],
    [
      3,
      58,
      43,
      88,
      7,
      96,
      98,
      14
    ],
    [
      8,
      89,
      63,
      64,
      11,
      91,
      33,
      32
    ],
    [
      20,
      12,
      65,
      50,
      48,
      49,
      83
    ],
    [
      93,
      45,
      39,
      87,
      17,
      15,
      44
    ],
    [
      34,
      82,
      79,
      35,
      30,
      25,
      81,
      13
    ],
    [
      84,
      46,
      85,
      62,
      18,
      6,
      61,
      90
    ],
    [
      54,
      41,
      57,
      5,
      27
    ],
    [
      40,
      24,
      68,
      56,
      26,
      55
    ]
  ]
}