{
  "instance": "R112",
  "buffer_mult": 1.2,
  "buffer_add": 0.0,
  "vehicle_cost": 10000,
  "meta": "GLS",
  "time_limit": 30,
  "capacity": 200,
  "horizon": 230,
  "feasible": true,
  "vehicles": 12,
  "total_distance": 1069.0,
  "robust_time_sum": 2286.0,
  "routes": [
    [
      28,
      70,
      52,
      82,
      34,
      51,
      78,
      55,
      27
    ],
    [
      29,
      13,
      25,
      30,
      35,
      79,
      80,
      4,
      69,
      81
    ],
    [
      77,
      10,
      36,
      72,
      66,
      67,
      21,
      2
    ],
    [
      42,
      23,
      75,
      73,
      22,
      41,
      54
    ],
    [
      32,
      71,
      31,
      33,
      91,
      64,
      11
    ],
    [
      74,
      76,
      24,
      57,
      40,
      68,
      26,
      56,
      5
    ],
    [
      53,
      8,
      83,
      9,
      47,
      37,
      48,
      49
    ],
    [
      96,
      60,
      99,
      92,
      86,
      94,
      100,
      97,
      95,
      7
    ],
    [
      89,
      63,
      12,
      65,
      50,
      20
    ],
    [
      84,
      46,
      18,
      85,
      61,
      19,
      90
    ],
    [
      6,
      62,
      17,
      87,
      45,
      39,
      15,
      101,
      38
    ],
    [
      3,
      58,
      16,
      44,
      43,
      88,
      98,
      93,
      14,
      59
    ]
  ]
}