{
  "instance": "R203",
  "vehicles": 8,
  "total_distance": 1024.0,
  "capacity": 200,
  "horizon": 1000.0,
  "feasible": true,
  "routes": [
    [
      53,
      83,
      49,
      48,
      37,
      47,
      46,
      85,
      18,
      62,
      92,
      101,
      99,
      94
    ],
    [
      70,
      32,
      63,
      91,
      33,
      64,
      12,
      65,
      50,
      20,
      11,
      71,
      2
    ],
    [
      90,
      61,
      6,
      87,
      17,
      86,
      38,
      93,
      60,
      100,
      97,
      7
    ],
    [
      51,
      34,
      82,
      52,
      66,
      21,
      31,
      89,
      8,
      9,
      84,
      19
    ],
    [
      27,
      40,
      68,
      24,
      76,
      74,
      22,
      41,
      59
    ],
    [
      54,
      3,
      58,
      42,
      23,
      57,
      75,
      73,
      5,
      56,
      26,
      55,
      25,
      30,
      4,
      78,
      29
    ],
    [
      95,
      96,
      98,
      43,
      16,
      44,
      39,
      45,
      15,
      88,
      14
    ],
    [
      28,
      77,
      80,
      79,
      10,
      67,
      72,
      36,
      35,
      69,
      81,
      13
    ]
  ]
}