{
  "instance": "R204",
  "vehicles": 8,
  "total_distance": 930.0,
  "capacity": 200,
  "horizon": 1000.0,
  "feasible": true,
  "routes": [
    [
      70,
      2,
      51,
      52,
      10,
      82,
      34,
      80,
      4,
      78,
      69,
      81,
      29
    ],
    [
      7,
      97,
      93,
      60,
      100,
      94,
      6,
      85,
      46,
      9,
      47,
      49,
      83,
      8,
      53
    ],
    [
      54,
      88,
      98,
      99,
      86,
      92,
      101,
      38,
      96,
      95
    ],
    [
      27,
      76,
      57,
      24,
      68,
      40,
      5,
      56,
      26,
      55,
      13
    ],
    [
      14,
      3,
      58,
      42,
      23,
      75,
      73,
      74,
      22,
      41,
      59
    ],
    [
      63,
      20,
      48,
      37,
      50,
      65,
      12,
      64,
      33,
      91,
      11,
      89
    ],
    [
      28,
      32,
      71,
      31,
      21,
      67,
      66,
      72,
      36,
      35,
      79,
      30,
      25,
      77
    ],
    [
      90,
      61,
      62,
      17,
      45,
      15,
      43,
      16,
      44,
      39,
      87,
      18,
      84,
      19
    ]
  ]
}