{
  "instance": "R207",
  "vehicles": 8,
  "total_distance": 960.0,
  "capacity": 200,
  "horizon": 1000.0,
  "feasible": true,
  "routes": [
    [
      54,
      41,
      22,
      23,
      42,
      58,
      88,
      98,
      96,
      14
    ],
    [
      93,
      38,
      43,
      16,
      44,
      15,
      45,
      39,
      87,
      17,
      62,
      85,
      18,
      6,
      61
    ],
    [
      29,
      77,
      51,
      34,
      10,
      35,
      79,
      80,
      30,
      25,
      55,
      56,
      26,
      5
    ],
    [
      28,
      70,
      2,
      31,
      21,
      66,
      36,
      72,
      67,
      33,
      11,
      32
    ],
    [
      7,
      97,
      100,
      94,
      86,
      92,
      101,
      99,
      60,
      95
    ],
    [
      53,
      89,
      63,
      12,
      65,
      64,
      91,
      71,
      52,
      82,
      4,
      78,
      69,
      81,
      13
    ],
    [
      90,
      19,
      84,
      46,
      47,
      48,
      37,
      50,
      20,
      49,
      9,
      83,
      8
    ],
    [
      27,
      40,
      68,
      24,
      57,
      76,
      75,
      73,
      74,
      3,
      59
    ]
  ]
}