{
  "instance": "R209",
  "vehicles": 8,
  "total_distance": 1037.0,
  "capacity": 200,
  "horizon": 1000.0,
  "feasible": true,
  "routes": [
    [
      7,
      45,
      15,
      39,
      87,
      18,
      46,
      9,
      47,
      37,
      50,
      49
    ],
    [
      41,
      22,
      74,
      73,
      75,
      58,
      16,
      44,
      43,
      98,
      93,
      38,
      101,
      92,
      94,
      97
    ],
    [
      17,
      62,
      6,
      85,
      86,
      99,
      88,
      95,
      14
    ],
    [
      96,
      60,
      100,
      84,
      83,
      48,
      20,
      8,
      19,
      61,
      90
    ],
    [
      28,
      53,
      32,
      89,
      63,
      12,
      65,
      64,
      91,
      31,
      21,
      33,
      11,
      71,
      2
    ],
    [
      29,
      77,
      13,
      30,
      4,
      78,
      69,
      81,
      25,
      55,
      27
    ],
    [
      70,
      52,
      10,
      82,
      72,
      67,
      66,
      36,
      35,
      79,
      80,
      34,
      51
    ],
    [
      54,
      3,
      42,
      23,
      76,
      57,
      24,
      68,
      40,
      26,
      56,
      5,
      59
    ]
  ]
}