{
  "instance": "R211",
  "vehicles": 8,
  "total_distance": 921.0,
  "capacity": 200,
  "horizon": 1000.0,
  "feasible": true,
  "routes": [
    [
      7,
      96,
      93,
      99,
      17,
      87,
      39,
      45,
      15,
      43,
      44,
      16,
      58,
      3,
      59
    ],
    [
      53,
      84,
      9,
      47,
      46,
      18,
      85,
      62,
      86,
      92,
      101,
      38,
      100,
      97,
      95
    ],
    [
      29,
      13,
      81,
      69,
      30,
      25,
      5,
      73,
      75,
      23,
      42,
      54
    ],
    [
      89,
      63,
      20,
      12,
      65,
      50,
      37,
      48,
      49,
      83,
      8,
      19
    ],
    [
      28,
      70,
      32,
      31,
      21,
      52,
      10,
      82,
      34,
      4,
      78,
      77
    ],
    [
      14,
      88,
      98,
      60,
      94,
      6,
      61,
      90
    ],
    [
      51,
      80,
      79,
      35,
      36,
      72,
      66,
      67,
      33,
      64,
      91,
      11,
      71,
      2
    ],
    [
      41,
      22,
      74,
      76,
      57,
      24,
      68,
      40,
      26,
      56,
      55,
      27
    ]
  ]
}