{
  "instance": "RC101",
  "vehicles": 16,
  "total_distance": 1792.0,
  "capacity": 200,
  "horizon": 240.0,
  "feasible": true,
  "routes": [
    [
      70,
      99,
      54
    ],
    [
      62,
      82,
      91
    ],
    [
      93,
      96,
      64,
      77,
      86,
      85,
      57
    ],
    [
      83,
      53,
      100,
      87,
      58,
      75,
      25
    ],
    [
      66,
      84,
      65,
      52,
      23,
      21,
      90
    ],
    [
      73,
      40,
      37,
      39,
      42,
      55,
      97
    ],
    [
      34,
      31,
      29,
      27,
      33,
      94
    ],
    [
      46,
      6,
      3,
      8,
      9,
      47,
      4,
      2,
      5,
      101,
      71
    ],
    [
      15,
      48,
      12,
      16,
      17,
      10,
      11,
      14,
      18
    ],
    [
      13,
      79,
      74,
      61
    ],
    [
      28,
      30,
      32,
      35,
      51,
      92,
      81
    ],
    [
      60,
      76,
      88,
      98,
      59,
      78
    ],
    [
      63,
      68,
      72,
      95,
      67
    ],
    [
      24,
      22,
      20,
      19,
      50,
      49,
      26
    ],
    [
      89,
      80,
      7,
      56,
      69
    ],
    [
      43,
      45,
      41,
      44,
      38,
      36
    ]
  ]
}