{
  "instance": "RC108",
  "buffer_mult": 1.2,
  "buffer_add": 0.0,
  "vehicle_cost": 10000,
  "meta": "GLS",
  "time_limit": 30,
  "capacity": 200,
  "horizon": 240,
  "feasible": true,
  "vehicles": 13,
  "total_distance": 1367.0,
  "robust_time_sum": 2640.0,
  "routes": [
    [
      71,
      3,
      9,
      47,
      5,
      46,
      6,
      4,
      2,
      101,
      69
    ],
    [
      63,
      86,
      64,
      34,
      33,
      31,
      51,
      81
    ],
    [
      89,
      7,
      8,
      80,
      74,
      79,
      61,
      56
    ],
    [
      66,
      78,
      59,
      76,
      98,
      60,
      75
    ],
    [
      93,
      72,
      94,
      95,
      96,
      85,
      57,
      92
    ],
    [
      40,
      39,
      43,
      45,
      44,
      41,
      37,
      36,
      38,
      73
    ],
    [
      70,
      62,
      42,
      82,
      55,
      97
    ],
    [
      68,
      32,
      30,
      28,
      27,
      29,
      35
    ],
    [
      83,
      100,
      54,
      99,
      91
    ],
    [
      77,
      90,
      19,
      49,
      22,
      24,
      26
    ],
    [
      13,
      16,
      17,
      14,
      10,
      11,
      12,
      48,
      18,
      15
    ],
    [
      65,
      58,
      87,
      88,
      53
    ],
    [
      84,
      25,
      23,
      20,
      50,
      21,
      52,
      67
    ]
  ]
}