{
  "instance": "RC104",
  "vehicles": 14,
  "total_distance": 1890.262,
  "capacity": 200,
  "horizon": 230.22642938839647,
  "feasible": true,
  "routes": [
    [
      81,
      93,
      85,
      94,
      72,
      55,
      82
    ],
    [
      7,
      8,
      9,
      47,
      46,
      5,
      3,
      101
    ],
    [
      11,
      12,
      16,
      10,
      14,
      17,
      18
    ],
    [
      99,
      61,
      80,
      74,
      79,
      48,
      15,
      13
    ],
    [
      62,
      42,
      40,
      39,
      41,
      37,
      36,
      38,
      73
    ],
    [
      60,
      88,
      98,
      76,
      59
    ],
    [
      91,
      70,
      54,
      89,
      56
    ],
    [
      84,
      25,
      24,
      78,
      58
    ],
    [
      83,
      100,
      87,
      75,
      53,
      66
    ],
    [
      57,
      52,
      77,
      90,
      64,
      86,
      92
    ],
    [
      96,
      63,
      34,
      31,
      29,
      27,
      28
    ],
    [
      67,
      65,
      21,
      50,
      20,
      19,
      49,
      22,
      26,
      23
    ],
    [
      69,
      43,
      45,
      44,
      2,
      4,
      6,
      71
    ],
    [
      97,
      95,
      68,
      51,
      33,
      30,
      32,
      35
    ]
  ]
}