{
  "instance": "RC103",
  "vehicles": 12,
  "total_distance": 1379.0,
  "capacity": 200,
  "horizon": 240.0,
  "feasible": true,
  "routes": [
    [
      83,
      12,
      16,
      17,
      10,
      11,
      14,
      18,
      48,
      15
    ],
    [
      95,
      63,
      51,
      68,
      85,
      57,
      67
    ],
    [
      62,
      43,
      45,
      44,
      41,
      36,
      38,
      55
    ],
    [
      93,
      65,
      52,
      77,
      90,
      64,
      86,
      96,
      92,
      81
    ],
    [
      3,
      46,
      47,
      9,
      8,
      7,
      5,
      6,
      4,
      2,
      101
    ],
    [
      82,
      40,
      37,
      39,
      42,
      73,
      72,
      94,
      97
    ],
    [
      70,
      89,
      54,
      56,
      69
    ],
    [
      20,
      19,
      49,
      22,
      24,
      23,
      50,
      26,
      25,
      21
    ],
    [
      91,
      66,
      100,
      75,
      87,
      53
    ],
    [
      99,
      13,
      79,
      80,
      74,
      61,
      71
    ],
    [
      84,
      58,
      60,
      88,
      98,
      76,
      59,
      78
    ],
    [
      34,
      28,
      31,
      33,
      29,
      27,
      30,
      32,
      35
    ]
  ]
}