{
  "instance": "RC202",
  "vehicles": 9,
  "total_distance": 1778.753,
  "capacity": 200,
  "horizon": 950.2264293883965,
  "feasible": true,
  "routes": [
    [
      40,
      37,
      43,
      45,
      41,
      39,
      42,
      38,
      36,
      44
    ],
    [
      99,
      54,
      100,
      53,
      88,
      60,
      98,
      76,
      75,
      59,
      78,
      26,
      84
    ],
    [
      93,
      96,
      86,
      64,
      34,
      29,
      27,
      28,
      30,
      32,
      51,
      63,
      85,
      57
    ],
    [
      97,
      72,
      68,
      31,
      77,
      52,
      21,
      67,
      56,
      69
    ],
    [
      70,
      89,
      62,
      82,
      55,
      73,
      35,
      33,
      90,
      94,
      95,
      81
    ],
    [
      66,
      58,
      87,
      10,
      11,
      14,
      18,
      61,
      71
    ],
    [
      3,
      46,
      7,
      8,
      9,
      47,
      5,
      6,
      4,
      2,
      101
    ],
    [
      92,
      65,
      24,
      22,
      49,
      19,
      20,
      50,
      23,
      25
    ],
    [
      83,
      13,
      15,
      48,
      17,
      16,
      12,
      79,
      74,
      80,
      91
    ]
  ]
}