{
  "instance": "RC204",
  "vehicles": 9,
  "total_distance": 1127.0,
  "capacity": 200,
  "horizon": 960.0,
  "feasible": true,
  "routes": [
    [
      81,
      93,
      96,
      63,
      51,
      68,
      94,
      72,
      73,
      42,
      55,
      97
    ],
    [
      82,
      43,
      45,
      44,
      41,
      37,
      36,
      38,
      39,
      40,
      62
    ],
    [
      91,
      83,
      13,
      15,
      48,
      18,
      17,
      16,
      12,
      11,
      100
    ],
    [
      66,
      58,
      23,
      19,
      49,
      22,
      24,
      88,
      10,
      14
    ],
    [
      92,
      57,
      52,
      77,
      90,
      20,
      50,
      21,
      65,
      67
    ],
    [
      89,
      61,
      8,
      9,
      47,
      5,
      46,
      6,
      4,
      2,
      101,
      69
    ],
    [
      53,
      87,
      75,
      60,
      98,
      76,
      59,
      78,
      26,
      25,
      84
    ],
    [
      95,
      35,
      32,
      30,
      28,
      27,
      29,
      31,
      33,
      34,
      64,
      86,
      85
    ],
    [
      70,
      99,
      54,
      79,
      74,
      80,
      7,
      3,
      71,
      56
    ]
  ]
}