{
  "instance": "RC208",
  "vehicles": 9,
  "total_distance": 1444.052,
  "capacity": 200,
  "horizon": 950.2264293883965,
  "feasible": true,
  "routes": [
    [
      99,
      54,
      13,
      15,
      48,
      18,
      17,
      16,
      14,
      10,
      98,
      67
    ],
    [
      91,
      83,
      100,
      53,
      87,
      88,
      60,
      76,
      24,
      22,
      49,
      25,
      84,
      66
    ],
    [
      70,
      89,
      61,
      80,
      74,
      79,
      12,
      11
    ],
    [
      101,
      2,
      4,
      6,
      46,
      5,
      47,
      9,
      8,
      7,
      3
    ],
    [
      95,
      68,
      35,
      32,
      30,
      28,
      27,
      29,
      31,
      33,
      34,
      63,
      93
    ],
    [
      65,
      85,
      52,
      77,
      90,
      64,
      86,
      51,
      96,
      57,
      92,
      81
    ],
    [
      62,
      43,
      45,
      44,
      41,
      37,
      36,
      38,
      39,
      40
    ],
    [
      97,
      94,
      72,
      73,
      42,
      55,
      82,
      69,
      71,
      56
    ],
    [
      23,
      21,
      50,
      20,
      19,
      26,
      78,
      59,
      75,
      58
    ]
  ]
}