{
  "instance": "RC204",
  "vehicles": 9,
  "total_distance": 1402.809,
  "capacity": 200,
  "horizon": 950.2264293883965,
  "feasible": true,
  "routes": [
    [
      69,
      62,
      45,
      44,
      41,
      37,
      36,
      38,
      39,
      40
    ],
    [
      96,
      63,
      34,
      33,
      31,
      29,
      27,
      28,
      30,
      32,
      35,
      68,
      95
    ],
    [
      70,
      99,
      54,
      10,
      88,
      98,
      60,
      75,
      87,
      67
    ],
    [
      56,
      7,
      5,
      46,
      6,
      4,
      2,
      43,
      42,
      73,
      55,
      82
    ],
    [
      97,
      94,
      72,
      51,
      86,
      64,
      90,
      77,
      52,
      85,
      92
    ],
    [
      84,
      50,
      20,
      19,
      49,
      22,
      24,
      26,
      78,
      76,
      59,
      53
    ],
    [
      91,
      83,
      11,
      12,
      16,
      14,
      17,
      18,
      48,
      15,
      13
    ],
    [
      81,
      93,
      57,
      65,
      21,
      23,
      25,
      58,
      100,
      66
    ],
    [
      89,
      61,
      79,
      74,
      80,
      8,
      9,
      47,
      3,
      101,
      71
    ]
  ]
}