{
  "instance": "C103",
  "vehicles": 10,
  "total_distance": 1235.549,
  "capacity": 200,
  "horizon": 1227.2427887715323,
  "feasible": true,
  "routes": [
    [
      79,
      77,
      72,
      71,
      74,
      78,
      80,
      81,
      82
    ],
    [
      97,
      96,
      95,
      93,
      94,
      98,
      101,
      100,
      99
    ],
    [
      68,
      66,
      64,
      63,
      75,
      73,
      62,
      65,
      67,
      70
    ],
    [
      14,
      18,
      16,
      13,
      15,
      17,
      20,
      19
    ],
    [
      22,
      26,
      28,
      31,
      29,
      27,
      24,
      23,
      33,
      53
    ],
    [
      91,
      88,
      87,
      84,
      83,
      85,
      86,
      89,
      90,
      92
    ],
    [
      56,
      55,
      54,
      57,
      59,
      61,
      69,
      51,
      50,
      48
    ],
    [
      44,
      43,
      42,
      41,
      45,
      46,
      47,
      49,
      52,
      60,
      58
    ],
    [
      6,
      4,
      8,
      9,
      11,
      12,
      10,
      7,
      5,
      3,
      2,
      76
    ],
    [
      34,
      32,
      36,
      38,
      39,
      40,
      37,
      35,
      30,
      25,
      21
    ]
  ]
}