{
  "instance": "C109",
  "buffer_mult": 1.2,
  "buffer_add": 0.0,
  "vehicle_cost": 10000,
  "meta": "GLS",
  "time_limit": 30,
  "capacity": 200,
  "horizon": 1236,
  "feasible": true,
  "vehicles": 11,
  "total_distance": 953.0,
  "robust_time_sum": 10145.0,
  "routes": [
    [
      25,
      26,
      11,
      9,
      12,
      10,
      7,
      5
    ],
    [
      91,
      88,
      87,
      84,
      83,
      85,
      86,
      89,
      90,
      92
    ],
    [
      42,
      41,
      43,
      45,
      46,
      49,
      52,
      51,
      53,
      50,
      48
    ],
    [
      6,
      4,
      8,
      94,
      93
    ],
    [
      82,
      79,
      77,
      72,
      71,
      74,
      78,
      80,
      81
    ],
    [
      33,
      34,
      32,
      36,
      38,
      39,
      40,
      37,
      35
    ],
    [
      58,
      56,
      55,
      54,
      57,
      59,
      61,
      60
    ],
    [
      68,
      66,
      64,
      63,
      75,
      73,
      62,
      65,
      69,
      67,
      70
    ],
    [
      14,
      18,
      19,
      20,
      16,
      17,
      15,
      13
    ],
    [
      99,
      97,
      96,
      95,
      98,
      101,
      100,
      3,
      2,
      76
    ],
    [
      21,
      44,
      47,
      28,
      30,
      31,
      29,
      27,
      24,
      23,
      22
    ]
  ]
}