{
  "instance": "C201",
  "vehicles": 10,
  "total_distance": 1025.0,
  "capacity": 200,
  "horizon": 3390.0,
  "feasible": true,
  "routes": [
    [
      68,
      67,
      70,
      66,
      50,
      54,
      57,
      59,
      61,
      60,
      45,
      52,
      51,
      53
    ],
    [
      64,
      63,
      75,
      73,
      62,
      65,
      69,
      43,
      42,
      49
    ],
    [
      94
    ],
    [
      76,
      2,
      100,
      101,
      98,
      93,
      95,
      96,
      99,
      8,
      4
    ],
    [
      28,
      7,
      34,
      32,
      36,
      38,
      39,
      40,
      37,
      22
    ],
    [
      25,
      30,
      33,
      35,
      29,
      27,
      19,
      18,
      26,
      9
    ],
    [
      23,
      21,
      56,
      55,
      58,
      41,
      47,
      46,
      48,
      44
    ],
    [
      31,
      24,
      20,
      17,
      15,
      13,
      16,
      14,
      10,
      12,
      11
    ],
    [
      87,
      86,
      77,
      72,
      71,
      74,
      81,
      80,
      82,
      79,
      78,
      97
    ],
    [
      6,
      3,
      5,
      90,
      92,
      89,
      85,
      84,
      83,
      88,
      91
    ]
  ]
}