{
  "instance": "C203",
  "vehicles": 10,
  "total_distance": 1015.0,
  "capacity": 200,
  "horizon": 3390.0,
  "feasible": true,
  "routes": [
    [
      6,
      3,
      2,
      100,
      101,
      98,
      93,
      95,
      96,
      99,
      90
    ],
    [
      76,
      8,
      4,
      5,
      92,
      89,
      85,
      83,
      84,
      87,
      88,
      91
    ],
    [
      68,
      64,
      63,
      75,
      73,
      62,
      65,
      67,
      70
    ],
    [
      69,
      66,
      50,
      54,
      57,
      59,
      61,
      60,
      45,
      46,
      48,
      44,
      49
    ],
    [
      94,
      13,
      15,
      17,
      14,
      10,
      12,
      11,
      9
    ],
    [
      53,
      51,
      52,
      32,
      36,
      38,
      39,
      40,
      29,
      27,
      22
    ],
    [
      23,
      28,
      31,
      24,
      19,
      20,
      16,
      18,
      26
    ],
    [
      21,
      7,
      33,
      34,
      37,
      35,
      30,
      25
    ],
    [
      56,
      55,
      58,
      41,
      47,
      43,
      42
    ],
    [
      97,
      86,
      77,
      72,
      71,
      74,
      81,
      80,
      82,
      79,
      78
    ]
  ]
}