{
  "instance": "C205",
  "vehicles": 10,
  "total_distance": 1019.0,
  "capacity": 200,
  "horizon": 3390.0,
  "feasible": true,
  "routes": [
    [
      66,
      50,
      56,
      55,
      54,
      57,
      59,
      61,
      60,
      46,
      44
    ],
    [
      23,
      25,
      28,
      30,
      7,
      33,
      34,
      36,
      32,
      53,
      48
    ],
    [
      94,
      26,
      22
    ],
    [
      70,
      69,
      58,
      41,
      45,
      47,
      52,
      51,
      43,
      42,
      49
    ],
    [
      31,
      19,
      20,
      17,
      15,
      13,
      16,
      14,
      9
    ],
    [
      68,
      64,
      63,
      75,
      73,
      62,
      65,
      67
    ],
    [
      6,
      2,
      100,
      101,
      98,
      93,
      95,
      96,
      99,
      8,
      4,
      5
    ],
    [
      76,
      3,
      90,
      92,
      89,
      87,
      85,
      83,
      84,
      88,
      91
    ],
    [
      86,
      77,
      72,
      71,
      74,
      81,
      80,
      82,
      79,
      78,
      97
    ],
    [
      21,
      38,
      39,
      40,
      37,
      35,
      29,
      27,
      24,
      18,
      10,
      12,
      11
    ]
  ]
}