{
  "instance": "C208",
  "vehicles": 10,
  "total_distance": 1274.661,
  "capacity": 200,
  "horizon": 3381.1276684434133,
  "feasible": true,
  "routes": [
    [
      69,
      50,
      56,
      55,
      54,
      57,
      59,
      61,
      60,
      45,
      42
    ],
    [
      13,
      15,
      17,
      16,
      14,
      10,
      12,
      11,
      9
    ],
    [
      92,
      89,
      85,
      83,
      84,
      88,
      91
    ],
    [
      94,
      6,
      76,
      3,
      20,
      19,
      18,
      26
    ],
    [
      87,
      86,
      77,
      72,
      71,
      74,
      81,
      80,
      82,
      79,
      78,
      97
    ],
    [
      21,
      25,
      30,
      7,
      33,
      34,
      36,
      32,
      52,
      51,
      53,
      48,
      49
    ],
    [
      70,
      67,
      65,
      66,
      58,
      41,
      47,
      46,
      43,
      44
    ],
    [
      2,
      100,
      101,
      98,
      93,
      95,
      96,
      99,
      8,
      4,
      5,
      90
    ],
    [
      23,
      28,
      31,
      35,
      37,
      38,
      39,
      40,
      29,
      27,
      24,
      22
    ],
    [
      68,
      63,
      62,
      73,
      75,
      64
    ]
  ]
}