{
  "instance": "R102",
  "vehicles": 19,
  "total_distance": 1602.0,
  "capacity": 200,
  "horizon": 230.0,
  "feasible": true,
  "routes": [
    [
      66,
      72,
      79,
      35,
      36,
      78
    ],
    [
      84,
      46,
      62,
      85,
      61,
      90
    ],
    [
      15,
      45,
      39,
      44,
      3,
      59
    ],
    [
      63,
      89
    ],
    [
      53,
      8,
      48,
      20,
      9,
      47,
      18,
      6,
      94
    ],
    [
      88,
      58,
      98,
      96,
      14
    ],
    [
      51,
      34,
      52,
      10,
      67,
      2
    ],
    [
      13,
      30,
      80,
      55,
      25,
      81
    ],
    [
      22,
      74,
      23,
      75,
      73
    ],
    [
      64,
      12,
      91,
      11,
      32
    ],
    [
      29,
      77,
      82,
      4,
      69
    ],
    [
      95,
      60,
      99,
      86,
      17,
      87,
      92,
      101,
      38
    ],
    [
      93,
      43,
      16,
      42,
      76,
      57,
      5
    ],
    [
      97,
      100,
      7
    ],
    [
      28,
      70,
      31,
      21,
      33,
      71
    ],
    [
      41,
      54
    ],
    [
      27,
      40,
      24,
      68,
      56,
      26
    ],
    [
      19
    ],
    [
      37,
      65,
      50,
      49,
      83
    ]
  ]
}