{
  "instance": "R105",
  "vehicles": 15,
  "total_distance": 1488.0,
  "capacity": 200,
  "horizon": 230.0,
  "feasible": true,
  "routes": [
    [
      29,
      13,
      30,
      80,
      79,
      35,
      36,
      78
    ],
    [
      73,
      40,
      24,
      68,
      56,
      55,
      5,
      26
    ],
    [
      53,
      83,
      9,
      19
    ],
    [
      43,
      15,
      45,
      39,
      44,
      38,
      101,
      92,
      94
    ],
    [
      96,
      93,
      99,
      86,
      100,
      95,
      97
    ],
    [
      22,
      74,
      76,
      23,
      42,
      57,
      75,
      59
    ],
    [
      60,
      6,
      62,
      17,
      87,
      18,
      61,
      90
    ],
    [
      66,
      72,
      10,
      82,
      4,
      69,
      25,
      81
    ],
    [
      34,
      77,
      41,
      54
    ],
    [
      48,
      37,
      20,
      50,
      47,
      49
    ],
    [
      63,
      8,
      89,
      51,
      27
    ],
    [
      84,
      46,
      85,
      7
    ],
    [
      28,
      70,
      32,
      31,
      52,
      21,
      67,
      2
    ],
    [
      64,
      65,
      12,
      91,
      11,
      33,
      71
    ],
    [
      3,
      16,
      58,
      88,
      98,
      14
    ]
  ]
}