{
  "instance": "R107",
  "vehicles": 14,
  "total_distance": 1668.271,
  "capacity": 200,
  "horizon": 222.4832319445123,
  "feasible": true,
  "routes": [
    [
      77,
      80,
      30,
      25,
      69,
      81,
      13
    ],
    [
      3,
      88,
      58,
      44,
      15,
      101,
      38
    ],
    [
      61,
      46,
      85,
      18,
      94,
      60
    ],
    [
      66,
      72,
      67,
      21,
      33,
      71
    ],
    [
      40,
      24,
      68,
      56,
      26,
      55
    ],
    [
      28,
      70,
      31,
      10,
      82,
      4,
      78,
      29
    ],
    [
      41,
      54,
      22,
      73,
      75,
      74,
      59
    ],
    [
      100,
      97,
      7,
      95,
      14
    ],
    [
      93,
      92,
      45,
      39,
      87,
      17,
      62,
      86,
      99,
      96
    ],
    [
      37,
      47,
      9,
      84,
      6,
      90
    ],
    [
      51,
      34,
      79,
      35,
      36,
      52,
      2
    ],
    [
      53,
      8,
      63,
      89,
      11,
      91,
      64,
      20
    ],
    [
      98,
      43,
      16,
      42,
      23,
      76,
      57,
      5,
      27
    ],
    [
      32,
      12,
      65,
      50,
      48,
      49,
      83,
      19
    ]
  ]
}