{
  "instance": "R108",
  "vehicles": 10,
  "total_distance": 1059.0,
  "capacity": 200,
  "horizon": 230.0,
  "feasible": true,
  "routes": [
    [
      79,
      35,
      36,
      72,
      66,
      67,
      33,
      91,
      11
    ],
    [
      28,
      32,
      63,
      12,
      64,
      65,
      50,
      20,
      89,
      53
    ],
    [
      96,
      98,
      93,
      60,
      100,
      7,
      54
    ],
    [
      70,
      51,
      34,
      82,
      10,
      52,
      21,
      31,
      71,
      2
    ],
    [
      3,
      58,
      16,
      88,
      42,
      23,
      75,
      73,
      74,
      22,
      41,
      59
    ],
    [
      97,
      94,
      62,
      17,
      87,
      18,
      85,
      6,
      61,
      14
    ],
    [
      90,
      19,
      84,
      46,
      9,
      47,
      37,
      48,
      49,
      83,
      8
    ],
    [
      76,
      57,
      24,
      68,
      40,
      5,
      55,
      78,
      29
    ],
    [
      13,
      81,
      69,
      77,
      4,
      80,
      30,
      25,
      56,
      26,
      27
    ],
    [
      95,
      99,
      86,
      92,
      45,
      39,
      15,
      44,
      43,
      101,
      38
    ]
  ]
}