{
  "instance": "R110",
  "vehicles": 12,
  "total_distance": 1207.0,
  "capacity": 200,
  "horizon": 230.0,
  "feasible": true,
  "routes": [
    [
      28,
      89,
      20,
      48,
      37,
      50,
      65,
      49
    ],
    [
      29,
      77,
      34,
      52,
      82,
      36,
      35,
      79,
      78
    ],
    [
      32,
      63,
      12,
      64,
      91,
      33,
      11
    ],
    [
      70,
      31,
      10,
      72,
      66,
      67,
      21,
      71,
      2
    ],
    [
      53,
      83,
      8,
      19,
      95,
      97,
      7
    ],
    [
      60,
      100,
      6,
      85,
      84,
      9,
      47,
      46,
      18,
      61,
      90
    ],
    [
      73,
      22,
      74,
      76,
      24,
      68,
      40,
      26,
      56,
      5
    ],
    [
      54,
      27,
      55,
      25,
      69
    ],
    [
      13,
      81,
      30,
      80,
      4,
      51
    ],
    [
      96,
      45,
      17,
      87,
      39,
      15,
      44,
      43,
      14
    ],
    [
      41,
      3,
      58,
      16,
      42,
      23,
      57,
      75,
      59
    ],
    [
      62,
      86,
      99,
      88,
      98,
      93,
      38,
      101,
      92,
      94
    ]
  ]
}