{
  "instance": "R111",
  "vehicles": 12,
  "total_distance": 1169.0,
  "capacity": 200,
  "horizon": 230.0,
  "feasible": true,
  "routes": [
    [
      53,
      8,
      20,
      12,
      65,
      50,
      48,
      49,
      83
    ],
    [
      62,
      17,
      87,
      45,
      39,
      15,
      44,
      3,
      59
    ],
    [
      31,
      52,
      72,
      66,
      67,
      21,
      71,
      2
    ],
    [
      22,
      76,
      24,
      68,
      40,
      57,
      56,
      26,
      55,
      27
    ],
    [
      28,
      70,
      89,
      63,
      64,
      33,
      91,
      11,
      32
    ],
    [
      93,
      99,
      86,
      60,
      97,
      100,
      6,
      85,
      18,
      84,
      61,
      90
    ],
    [
      43,
      16,
      58,
      42,
      23,
      74,
      73,
      75,
      5
    ],
    [
      51,
      34,
      82,
      10,
      36,
      35,
      4,
      78
    ],
    [
      7,
      88,
      98,
      38,
      101,
      92,
      94,
      96
    ],
    [
      29,
      77,
      80,
      79,
      30,
      25,
      69,
      81,
      13
    ],
    [
      41,
      54
    ],
    [
      37,
      47,
      46,
      9,
      19,
      95,
      14
    ]
  ]
}