{
  "instance": "R112",
  "vehicles": 13,
  "total_distance": 1447.065,
  "capacity": 200,
  "horizon": 222.4832319445123,
  "feasible": true,
  "routes": [
    [
      3,
      58,
      16,
      44,
      15,
      43,
      98,
      14
    ],
    [
      7,
      95,
      100,
      94,
      86,
      99,
      93,
      60,
      97
    ],
    [
      96,
      88,
      42,
      23,
      75,
      57,
      40,
      5
    ],
    [
      53,
      89,
      8,
      83,
      9,
      47,
      48,
      49
    ],
    [
      13,
      81,
      69,
      25,
      30,
      4,
      78
    ],
    [
      22,
      74,
      73,
      76,
      24,
      68,
      26,
      56,
      55
    ],
    [
      32,
      63,
      20,
      12,
      65,
      50,
      37
    ],
    [
      6,
      62,
      17,
      87,
      39,
      45,
      92,
      101,
      38
    ],
    [
      54,
      59,
      41,
      27
    ],
    [
      28,
      70,
      71,
      31,
      33,
      91,
      64,
      11
    ],
    [
      19,
      84,
      46,
      18,
      85,
      61,
      90
    ],
    [
      52,
      72,
      36,
      66,
      67,
      21,
      2
    ],
    [
      29,
      77,
      80,
      79,
      35,
      10,
      82,
      34,
      51
    ]
  ]
}