{
  "instance": "R202",
  "vehicles": 8,
  "total_distance": 1492.934,
  "capacity": 200,
  "horizon": 992.4832319445123,
  "feasible": true,
  "routes": [
    [
      95,
      93,
      43,
      16,
      15,
      39,
      45,
      17,
      62,
      87,
      100,
      97,
      7,
      54
    ],
    [
      70,
      2,
      4,
      30,
      80,
      79,
      82,
      52,
      10,
      21,
      67,
      36,
      35,
      78
    ],
    [
      84,
      46,
      37,
      48,
      20,
      63,
      89,
      31,
      91,
      11,
      33,
      71
    ],
    [
      28,
      32,
      64,
      12,
      65,
      50,
      47,
      49,
      8,
      83,
      61,
      90
    ],
    [
      41,
      3,
      88,
      58,
      44,
      98,
      96,
      14,
      59
    ],
    [
      29,
      27,
      40,
      24,
      68,
      55,
      25,
      69,
      81,
      13
    ],
    [
      51,
      34,
      66,
      72,
      77,
      22,
      74,
      73,
      42,
      23,
      76,
      57,
      75,
      5,
      56,
      26
    ],
    [
      53,
      19,
      9,
      85,
      18,
      6,
      94,
      86,
      92,
      101,
      99,
      38,
      60
    ]
  ]
}