{
  "instance": "R202",
  "vehicles": 8,
  "total_distance": 1171.0,
  "capacity": 200,
  "horizon": 1000.0,
  "feasible": true,
  "routes": [
    [
      95,
      6,
      62,
      17,
      45,
      39,
      87,
      44,
      98,
      14
    ],
    [
      29,
      77,
      13,
      27,
      41,
      96,
      60,
      86,
      100,
      97,
      7,
      54
    ],
    [
      51,
      34,
      66,
      72,
      31,
      32,
      89,
      8,
      19,
      9,
      85,
      18,
      94,
      92,
      101,
      38
    ],
    [
      28,
      70,
      30,
      80,
      82,
      52,
      10,
      79,
      35,
      36,
      4,
      69,
      78
    ],
    [
      22,
      40,
      68,
      24,
      73,
      74,
      75,
      59
    ],
    [
      53,
      63,
      64,
      91,
      11,
      21,
      67,
      33,
      71,
      2
    ],
    [
      93,
      99,
      15,
      43,
      16,
      58,
      88,
      3,
      42,
      23,
      76,
      57,
      5,
      55,
      56,
      26,
      25,
      81
    ],
    [
      46,
      83,
      49,
      48,
      37,
      20,
      12,
      65,
      50,
      47,
      84,
      61,
      90
    ]
  ]
}