{
  "instance": "R204",
  "vehicles": 8,
  "total_distance": 1165.565,
  "capacity": 200,
  "horizon": 992.4832319445123,
  "feasible": true,
  "routes": [
    [
      7,
      93,
      98,
      43,
      44,
      16,
      58,
      3,
      42,
      24,
      68,
      40,
      57,
      76,
      23,
      75,
      74
    ],
    [
      19,
      84,
      62,
      17,
      87,
      39,
      45,
      15,
      88,
      14
    ],
    [
      29,
      69,
      81,
      13,
      27,
      54
    ],
    [
      70,
      2,
      71,
      31,
      21,
      67,
      66,
      72,
      36,
      10,
      52,
      80,
      4,
      78
    ],
    [
      28,
      89,
      63,
      12,
      20,
      37,
      50,
      65,
      64,
      33,
      91,
      11,
      32
    ],
    [
      77,
      51,
      34,
      82,
      79,
      35,
      30,
      25,
      55,
      5,
      56,
      26,
      73,
      22,
      41,
      59
    ],
    [
      97,
      100,
      94,
      86,
      92,
      101,
      38,
      99,
      60,
      96,
      95
    ],
    [
      53,
      8,
      83,
      49,
      48,
      47,
      9,
      46,
      18,
      85,
      6,
      61,
      90
    ]
  ]
}