{
  "instance": "R206",
  "vehicles": 8,
  "total_distance": 1042.0,
  "capacity": 200,
  "horizon": 1000.0,
  "feasible": true,
  "routes": [
    [
      28,
      70,
      2,
      51,
      34,
      82,
      79,
      35,
      30,
      80,
      4,
      78,
      13
    ],
    [
      54,
      41,
      74,
      42,
      23,
      76,
      75,
      73,
      22
    ],
    [
      7,
      6,
      100,
      88,
      98,
      38,
      101,
      94,
      60,
      96,
      14
    ],
    [
      95,
      97,
      93,
      99,
      86,
      92,
      45,
      15,
      39,
      43,
      16,
      44,
      58,
      3,
      59
    ],
    [
      29,
      77,
      72,
      66,
      10,
      52,
      31,
      11,
      91,
      33,
      67,
      36,
      21,
      71
    ],
    [
      53,
      89,
      49,
      46,
      85,
      62,
      17,
      87,
      18,
      84,
      61,
      90
    ],
    [
      32,
      63,
      64,
      65,
      12,
      20,
      48,
      37,
      50,
      47,
      9,
      83,
      8,
      19
    ],
    [
      27,
      40,
      68,
      24,
      57,
      5,
      26,
      56,
      55,
      25,
      81,
      69
    ]
  ]
}