{
  "instance": "R210",
  "vehicles": 8,
  "total_distance": 1034.0,
  "capacity": 200,
  "horizon": 1000.0,
  "feasible": true,
  "routes": [
    [
      95,
      96,
      43,
      16,
      44,
      58,
      42,
      23,
      75,
      76,
      57,
      5,
      25,
      69,
      81
    ],
    [
      70,
      31,
      66,
      72,
      82,
      34,
      52,
      21,
      67,
      33,
      91,
      11,
      71,
      2
    ],
    [
      54,
      41,
      3,
      88,
      98,
      60,
      94,
      99,
      101,
      38
    ],
    [
      29,
      13,
      77,
      80,
      30,
      79,
      10,
      36,
      35,
      4,
      78,
      51
    ],
    [
      93,
      86,
      92,
      45,
      15,
      39,
      87,
      17,
      62,
      100,
      97,
      7
    ],
    [
      53,
      8,
      49,
      48,
      37,
      46,
      47,
      9,
      84,
      61,
      85,
      18,
      6,
      14,
      59
    ],
    [
      28,
      32,
      89,
      63,
      12,
      64,
      65,
      50,
      20,
      83,
      19,
      90
    ],
    [
      22,
      74,
      73,
      24,
      68,
      40,
      56,
      26,
      55,
      27
    ]
  ]
}