{
  "instance": "R210",
  "vehicles": 8,
  "total_distance": 1307.573,
  "capacity": 200,
  "horizon": 992.4832319445123,
  "feasible": true,
  "routes": [
    [
      13,
      40,
      68,
      24,
      76,
      57,
      5,
      56,
      26,
      55,
      27
    ],
    [
      77,
      4,
      80,
      82,
      10,
      35,
      79,
      30,
      25,
      81,
      69,
      78,
      51
    ],
    [
      54,
      41,
      88,
      3,
      74,
      23,
      42,
      44,
      58,
      75,
      73,
      22,
      59
    ],
    [
      7,
      95,
      97,
      100,
      60,
      94,
      86,
      99,
      98,
      14
    ],
    [
      96,
      93,
      43,
      16,
      15,
      45,
      39,
      87,
      17,
      62,
      92,
      101,
      38
    ],
    [
      84,
      46,
      83,
      49,
      20,
      48,
      37,
      47,
      9,
      85,
      18,
      6,
      61,
      90
    ],
    [
      28,
      53,
      19,
      8,
      89,
      63,
      12,
      65,
      50,
      64,
      33,
      91,
      11,
      32
    ],
    [
      29,
      70,
      31,
      52,
      34,
      72,
      66,
      36,
      67,
      21,
      71,
      2
    ]
  ]
}