{
  "instance": "RC106",
  "vehicles": 14,
  "total_distance": 1533.0,
  "capacity": 200,
  "horizon": 240.0,
  "feasible": true,
  "routes": [
    [
      3,
      46,
      6,
      7,
      8,
      9,
      47,
      4,
      2,
      5,
      101
    ],
    [
      66,
      53,
      60,
      76,
      98,
      59,
      78,
      26
    ],
    [
      70,
      89,
      80,
      74,
      79,
      61,
      56
    ],
    [
      62,
      82,
      72,
      94,
      97
    ],
    [
      93,
      34,
      29,
      27,
      31,
      33,
      51,
      81
    ],
    [
      63,
      28,
      30,
      32,
      35,
      57
    ],
    [
      96,
      64,
      86,
      52,
      77,
      90,
      49,
      25
    ],
    [
      83,
      100,
      58,
      87,
      88,
      75
    ],
    [
      15,
      48,
      17,
      16,
      12,
      13,
      10,
      11,
      18,
      14
    ],
    [
      99,
      54,
      91
    ],
    [
      84,
      24,
      22,
      19,
      20,
      50,
      23,
      21,
      67
    ],
    [
      65,
      85,
      68,
      95,
      92
    ],
    [
      73,
      42,
      43,
      45,
      44,
      71,
      69
    ],
    [
      40,
      39,
      41,
      37,
      36,
      38,
      55
    ]
  ]
}