{
  "instance": "RC107",
  "vehicles": 12,
  "total_distance": 1355.0,
  "capacity": 200,
  "horizon": 240.0,
  "feasible": true,
  "routes": [
    [
      3,
      7,
      8,
      9,
      6,
      4,
      2,
      46,
      47,
      5
    ],
    [
      96,
      32,
      30,
      28,
      27,
      29,
      31,
      33,
      34,
      92
    ],
    [
      66,
      60,
      76,
      59,
      78,
      26,
      24,
      49
    ],
    [
      83,
      100,
      53,
      58,
      87,
      75,
      88,
      98,
      14
    ],
    [
      84,
      22,
      19,
      20,
      50,
      21,
      23,
      25,
      67
    ],
    [
      62,
      82,
      91
    ],
    [
      40,
      39,
      37,
      36,
      38,
      41,
      44,
      43,
      69
    ],
    [
      65,
      52,
      86,
      64,
      77,
      90,
      57
    ],
    [
      70,
      99,
      89,
      54,
      79,
      74,
      80,
      61,
      71,
      101,
      56
    ],
    [
      93,
      68,
      63,
      35,
      51,
      85,
      81
    ],
    [
      15,
      16,
      17,
      18,
      48,
      13,
      12,
      10,
      11
    ],
    [
      45,
      42,
      73,
      72,
      94,
      95,
      97,
      55
    ]
  ]
}