{
  "instance": "RC103",
  "vehicles": 16,
  "total_distance": 2223.757,
  "capacity": 200,
  "horizon": 230.22642938839647,
  "feasible": true,
  "routes": [
    [
      12,
      16,
      10,
      60,
      78
    ],
    [
      40,
      39,
      42,
      55,
      97,
      95,
      81
    ],
    [
      37,
      44,
      41,
      36,
      38,
      73
    ],
    [
      43,
      45,
      62,
      56,
      69
    ],
    [
      84,
      25,
      24,
      23,
      50,
      49,
      22,
      26
    ],
    [
      46,
      8,
      80,
      6,
      4,
      2,
      71
    ],
    [
      66,
      53,
      88,
      98,
      76,
      59
    ],
    [
      100,
      87,
      75,
      58
    ],
    [
      34,
      31,
      33,
      72,
      94,
      82
    ],
    [
      28,
      27,
      29,
      30,
      32,
      35,
      51
    ],
    [
      47,
      9,
      7,
      5,
      3,
      101
    ],
    [
      52,
      77,
      90,
      19,
      20,
      21
    ],
    [
      70,
      89,
      54,
      11,
      14,
      83,
      91
    ],
    [
      99,
      61,
      74,
      79,
      48,
      17,
      18,
      15,
      13
    ],
    [
      65,
      57,
      67
    ],
    [
      93,
      63,
      68,
      85,
      86,
      64,
      96,
      92
    ]
  ]
}