{
  "instance": "RC207",
  "vehicles": 9,
  "total_distance": 1220.0,
  "capacity": 200,
  "horizon": 960.0,
  "feasible": true,
  "routes": [
    [
      65,
      85,
      86,
      64,
      77,
      52,
      20,
      50,
      19,
      49,
      21,
      92
    ],
    [
      93,
      96,
      63,
      31,
      29,
      28,
      30,
      32,
      94,
      72,
      73,
      39,
      40,
      55,
      97
    ],
    [
      81,
      95,
      68,
      51,
      35,
      27,
      33,
      34,
      90,
      57
    ],
    [
      82,
      62,
      43,
      45,
      41,
      44,
      37,
      36,
      38,
      42,
      69
    ],
    [
      66,
      84,
      100,
      53,
      87,
      75,
      58,
      23,
      25,
      67
    ],
    [
      83,
      54,
      13,
      15,
      48,
      18,
      17,
      16,
      12,
      11,
      91
    ],
    [
      22,
      24,
      26,
      78,
      76,
      59,
      88,
      60,
      98,
      14,
      10
    ],
    [
      70,
      99,
      89,
      7,
      8,
      80,
      74,
      79,
      61
    ],
    [
      71,
      3,
      9,
      6,
      4,
      2,
      46,
      47,
      5,
      101,
      56
    ]
  ]
}