{
  "instance": "RC202",
  "vehicles": 9,
  "total_distance": 1341.0,
  "capacity": 200,
  "horizon": 960.0,
  "feasible": true,
  "routes": [
    [
      92,
      96,
      64,
      34,
      35,
      32,
      30,
      28,
      27,
      29,
      31,
      33,
      57
    ],
    [
      46,
      4,
      2,
      43,
      40,
      37,
      45,
      41,
      44,
      69
    ],
    [
      83,
      13,
      15,
      48,
      17,
      16,
      12,
      10,
      14,
      18,
      61
    ],
    [
      66,
      65,
      20,
      24,
      22,
      49,
      19,
      23,
      67
    ],
    [
      70,
      89,
      80,
      74,
      79,
      54,
      11,
      99,
      56
    ],
    [
      91,
      100,
      58,
      87,
      88,
      98,
      60,
      75,
      25,
      90,
      84
    ],
    [
      68,
      63,
      51,
      86,
      77,
      85,
      52,
      21,
      50,
      26,
      78,
      76,
      59,
      53
    ],
    [
      82,
      62,
      3,
      7,
      8,
      9,
      47,
      6,
      5,
      101,
      71
    ],
    [
      93,
      72,
      73,
      42,
      39,
      38,
      36,
      55,
      97,
      94,
      95,
      81
    ]
  ]
}