{
  "instance": "RC208",
  "vehicles": 9,
  "total_distance": 1080.0,
  "capacity": 200,
  "horizon": 960.0,
  "feasible": true,
  "routes": [
    [
      66,
      84,
      58,
      78,
      26,
      24,
      22,
      49,
      19,
      52,
      85
    ],
    [
      70,
      99,
      89,
      61,
      79,
      74,
      80,
      8,
      7,
      101,
      69
    ],
    [
      91,
      11,
      12,
      14,
      16,
      17,
      18,
      48,
      15,
      13,
      54
    ],
    [
      93,
      35,
      32,
      30,
      28,
      27,
      29,
      31,
      33,
      34,
      51,
      96
    ],
    [
      81,
      92,
      57,
      65,
      21,
      20,
      50,
      23,
      25,
      67
    ],
    [
      71,
      2,
      4,
      6,
      46,
      5,
      47,
      9,
      3,
      56
    ],
    [
      83,
      100,
      53,
      87,
      75,
      59,
      76,
      98,
      60,
      88,
      10
    ],
    [
      62,
      43,
      45,
      44,
      41,
      37,
      36,
      38,
      39,
      40,
      82
    ],
    [
      77,
      90,
      64,
      86,
      63,
      68,
      95,
      94,
      72,
      73,
      42,
      55,
      97
    ]
  ]
}