{
  "instance": "RC206",
  "vehicles": 9,
  "total_distance": 1279.0,
  "capacity": 200,
  "horizon": 960.0,
  "feasible": true,
  "routes": [
    [
      84,
      23,
      24,
      22,
      19,
      20,
      50,
      21,
      25,
      67
    ],
    [
      89,
      3,
      46,
      6,
      9,
      7,
      8,
      80,
      74,
      79,
      54
    ],
    [
      82,
      62,
      42,
      45,
      44,
      2,
      4,
      47,
      5,
      101,
      71,
      69
    ],
    [
      65,
      96,
      63,
      31,
      34,
      64,
      86,
      77,
      52,
      85,
      68,
      95,
      72,
      94,
      97
    ],
    [
      91,
      83,
      100,
      58,
      87,
      75,
      59,
      78,
      26,
      49,
      90,
      92,
      81
    ],
    [
      99,
      70,
      13,
      15,
      48,
      17,
      16,
      12,
      11
    ],
    [
      93,
      32,
      30,
      28,
      29,
      27,
      33,
      35,
      51,
      57
    ],
    [
      73,
      43,
      40,
      39,
      37,
      41,
      36,
      38,
      55
    ],
    [
      66,
      53,
      60,
      76,
      98,
      88,
      10,
      14,
      18,
      61,
      56
    ]
  ]
}