instance,method,p_champion,p_meets_SLA,pred_gap_to_best_pct,pred_distance,pred_runtime_s,OOF_p_champion,OOF_p_meets_SLA,OOF_pred_gap_to_best_pct,OOF_pred_distance,OOF_pred_runtime_s
C101,m0,0.9095379862906886,,0.0,,,,,,,
C101,m1,0.09043240323846917,,0.0,,,,,,,
C101,m2,0.09043240323846917,,0.0,,,,,,,
C101,m3,0.09043240323846917,,0.0,,,,,,,
C101,m4,0.09043240323846917,,0.0,,,,,,,
C101,m5,0.09043240323846917,,0.0,,,,,,,
C101,m6,0.09043240323846917,,0.0,,,,,,,
C101,m7,0.09043240323846917,,0.0,,,,,,,
C101,m8,0.09043240323846917,,0.0,,,,,,,
C101,m9,0.09043240323846917,,0.0,,,,,,,
C101,m10,0.09043240323846917,,0.0,,,,,,,
C101,m11,0.09043240323846917,,0.0,,,,,,,
C101,m12,0.09043240323846917,,0.0,,,,,,,
C101,m13,0.09043240323846917,,0.0,,,,,,,
C101,m14,0.09043240323846917,,0.0,,,,,,,
C101,m15,0.09043240323846917,,0.0,,,,,,,
C101,m16,0.09043240323846917,,0.0,,,,,,,
C101,m17,0.09043240323846917,,0.0,,,,,,,
C101,m18,0.09043240323846917,,0.0,,,,,,,
C101,m19,0.09043240323846917,,0.0,,,,,,,
C101,m20,0.09043240323846917,,0.0,,,,,,,
C101,m21,0.09043240323846917,,0.0,,,,,,,
C101,m22,0.09043240323846917,,0.0,,,,,,,
C101,m23,0.09043240323846917,,0.0,,,,,,,
C101,m24,0.09043240323846917,,0.0,,,,,,,
C101,m25,0.09043240323846917,,0.0,,,,,,,
C101,m26,0.09043240323846917,,0.0,,,,,,,
C101,m27,0.09043240323846917,,0.0,,,,,,,
C101,m28,0.09043240323846917,,0.0,,,,,,,
C101,m29,0.09043240323846917,,0.0,,,,,,,
C101,m30,0.09043240323846917,,0.0,,,,,,,
C101,m31,0.09043240323846917,,0.0,,,,,,,
C101,m32,0.09043240323846917,,0.0,,,,,,,
C101,m33,0.09043240323846917,,0.0,,,,,,,
C101,m34,0.09043240323846917,,0.0,,,,,,,
C101,m35,0.09043240323846917,,0.0,,,,,,,
C101,m36,0.09043240323846917,,0.0,,,,,,,
C101,m37,0.09043240323846917,,0.0,,,,,,,
C101,m38,0.09043240323846917,,0.0,,,,,,,
C101,m39,0.09043240323846917,,0.0,,,,,,,
C101,m40,0.09043240323846917,,0.0,,,,,,,
C101,m41,0.09043240323846917,,0.0,,,,,,,
C101,m42,0.09043240323846917,,0.0,,,,,,,
C101,m43,0.09043240323846917,,0.0,,,,,,,
C101,m44,0.09043240323846917,,0.0,,,,,,,
C101,m45,0.09043240323846917,,0.0,,,,,,,
C101,m46,0.09043240323846917,,0.0,,,,,,,
C101,m47,0.09043240323846917,,0.0,,,,,,,
C101,m48,0.09043240323846917,,0.0,,,,,,,
C101,m49,0.09043240323846917,,0.0,,,,,,,
C101,m50,0.09043240323846917,,0.0,,,,,,,
C101,m51,0.09043240323846917,,0.0,,,,,,,
C101,m52,0.09043240323846917,,0.0,,,,,,,
C101,m53,0.09043240323846917,,0.0,,,,,,,
C101,m54,0.09043240323846917,,0.0,,,,,,,
C101,m55,0.09043240323846917,,0.0,,,,,,,
C101,m56,0.09043240323846917,,0.0,,,,,,,
C101,m57,0.09043240323846917,,0.0,,,,,,,
C101,m58,0.09043240323846917,,0.0,,,,,,,
C101,m59,0.09043240323846917,,0.0,,,,,,,
C101,m60,0.09043240323846917,,0.0,,,,,,,
C101,m61,0.09043240323846917,,0.0,,,,,,,
C101,m62,0.09043240323846917,,0.0,,,,,,,
C101,m63,0.09043240323846917,,0.0,,,,,,,
C101,m64,0.09043240323846917,,0.0,,,,,,,
C101,m65,0.09043240323846917,,0.0,,,,,,,
C101,m66,0.09043240323846917,,0.0,,,,,,,
C101,m67,0.09043240323846917,,0.0,,,,,,,
C101,m68,0.09043240323846917,,0.0,,,,,,,
C101,m69,0.09043240323846917,,0.0,,,,,,,
C101,m70,0.09043240323846917,,0.0,,,,,,,
C101,m71,0.09043240323846917,,0.0,,,,,,,
C101,m72,0.09043240323846917,,0.0,,,,,,,
C101,m73,0.09043240323846917,,0.0,,,,,,,
C101,m74,0.09043240323846917,,0.0,,,,,,,
C101,m75,0.09043240323846917,,0.0,,,,,,,
C101,m76,0.09043240323846917,,0.0,,,,,,,
C101,m77,0.09043240323846917,,0.0,,,,,,,
C101,m78,0.09043240323846917,,0.0,,,,,,,
C101,m79,0.09043240323846917,,0.0,,,,,,,
C101,m80,0.09043240323846917,,0.0,,,,,,,
C101,m81,0.09043240323846917,,0.0,,,,,,,
C101,m82,0.09043240323846917,,0.0,,,,,,,
C101,m83,0.09043240323846917,,0.0,,,,,,,
C101,m84,0.09043240323846917,,0.0,,,,,,,
C101,m85,0.09043240323846917,,0.0,,,,,,,
C101,m86,0.09043240323846917,,0.0,,,,,,,
C101,m87,0.09043240323846917,,0.0,,,,,,,
C101,m88,0.09043240323846917,,0.0,,,,,,,
C101,m89,0.09043240323846917,,0.0,,,,,,,
C101,m90,0.09043240323846917,,0.0,,,,,,,
C101,m91,0.09043240323846917,,0.0,,,,,,,
C101,m92,0.09043240323846917,,0.0,,,,,,,
C101,m93,0.09043240323846917,,0.0,,,,,,,
C101,m94,0.09043240323846917,,0.0,,,,,,,
C101,m95,0.09043240323846917,,0.0,,,,,,,
C101,m96,0.09043240323846917,,0.0,,,,,,,
C101,m97,0.09043240323846917,,0.0,,,,,,,
C101,m98,0.09043240323846917,,0.0,,,,,,,
C101,m99,0.09043240323846917,,0.0,,,,,,,
C101,m100,0.09043240323846917,,0.0,,,,,,,
