{
  "instance": "R101",
  "vehicles": 20,
  "total_distance": 1781.0,
  "capacity": 200,
  "horizon": 230.0,
  "feasible": true,
  "routes": [
    [
      96,
      100,
      95
    ],
    [
      64,
      12,
      20
    ],
    [
      60,
      6,
      62,
      86,
      97
    ],
    [
      40,
      24,
      68,
      56,
      26
    ],
    [
      46,
      48,
      85,
      61,
      90
    ],
    [
      43,
      16,
      88,
      58,
      98
    ],
    [
      73,
      76,
      23,
      75,
      59
    ],
    [
      53,
      19,
      7
    ],
    [
      29,
      13,
      77,
      80,
      4,
      55,
      25,
      81
    ],
    [
      84,
      83,
      8,
      9,
      47,
      18,
      94
    ],
    [
      63,
      89,
      91,
      11
    ],
    [
      15,
      45,
      39,
      44,
      14
    ],
    [
      93,
      99,
      17,
      87,
      38,
      92,
      101
    ],
    [
      3,
      22,
      74,
      42,
      57,
      5
    ],
    [
      34,
      30,
      79,
      35,
      36,
      78
    ],
    [
      41,
      54,
      27
    ],
    [
      66,
      72,
      10,
      67,
      2
    ],
    [
      28,
      70,
      82,
      51,
      69
    ],
    [
      32,
      31,
      52,
      21,
      33,
      71
    ],
    [
      37,
      65,
      50,
      49
    ]
  ]
}