{
  "instance": "R106",
  "vehicles": 13,
  "total_distance": 1327.0,
  "capacity": 200,
  "horizon": 230.0,
  "feasible": true,
  "routes": [
    [
      99,
      15,
      45,
      39,
      87,
      44,
      101,
      38,
      96
    ],
    [
      54,
      41,
      73,
      75,
      3,
      59
    ],
    [
      97,
      86,
      92,
      17,
      62,
      100,
      7
    ],
    [
      95,
      93,
      43,
      16,
      58,
      88,
      98,
      14
    ],
    [
      70,
      31,
      52,
      82,
      10,
      36,
      35,
      4,
      78
    ],
    [
      28,
      63,
      89,
      19,
      61,
      90
    ],
    [
      29,
      22,
      74,
      42,
      23,
      76,
      57,
      5,
      26
    ],
    [
      13,
      30,
      77,
      80,
      79,
      69
    ],
    [
      84,
      46,
      9,
      85,
      18,
      6,
      94,
      60
    ],
    [
      27,
      40,
      24,
      68,
      56,
      55,
      25,
      81
    ],
    [
      83,
      48,
      37,
      20,
      91,
      11,
      32
    ],
    [
      51,
      34,
      66,
      72,
      67,
      21,
      33,
      71,
      2
    ],
    [
      64,
      12,
      65,
      50,
      47,
      49,
      8,
      53
    ]
  ]
}