{
  "instance": "R108",
  "vehicles": 12,
  "total_distance": 1460.792,
  "capacity": 200,
  "horizon": 222.4832319445123,
  "feasible": true,
  "routes": [
    [
      51,
      34,
      82,
      72,
      66,
      36,
      35,
      79
    ],
    [
      73,
      76,
      24,
      68,
      40,
      56,
      26,
      55
    ],
    [
      7,
      97,
      100,
      6,
      85,
      18,
      62,
      86,
      99,
      94
    ],
    [
      58,
      16,
      44,
      15,
      43,
      14
    ],
    [
      29,
      70,
      9,
      47,
      46,
      84,
      61,
      90
    ],
    [
      95,
      98,
      88,
      3,
      42,
      23,
      75,
      74,
      59
    ],
    [
      28,
      89,
      63,
      12,
      65,
      64,
      91,
      11,
      32
    ],
    [
      54,
      22,
      57,
      5,
      41
    ],
    [
      53,
      8,
      20,
      50,
      37,
      48,
      49,
      83,
      19
    ],
    [
      2,
      31,
      52,
      10,
      67,
      21,
      33,
      71
    ],
    [
      96,
      93,
      45,
      39,
      87,
      17,
      92,
      101,
      38,
      60
    ],
    [
      27,
      13,
      77,
      4,
      80,
      30,
      25,
      81,
      69,
      78
    ]
  ]
}