{
  "instance": "R205",
  "vehicles": 8,
  "total_distance": 1111.0,
  "capacity": 200,
  "horizon": 1000.0,
  "feasible": true,
  "routes": [
    [
      93,
      99,
      45,
      15,
      43,
      3,
      74,
      73,
      75,
      57,
      5,
      26,
      56,
      55,
      25,
      81,
      69
    ],
    [
      28,
      70,
      31,
      72,
      66,
      36,
      67,
      21,
      33,
      11,
      71,
      2
    ],
    [
      29,
      77,
      34,
      80,
      30,
      35,
      79,
      82,
      10,
      52,
      51,
      4,
      78
    ],
    [
      96,
      60,
      100,
      86,
      16,
      58,
      88,
      98,
      95,
      97,
      7
    ],
    [
      19,
      85,
      62,
      17,
      87,
      39,
      44,
      38,
      101,
      92,
      94,
      14,
      59
    ],
    [
      6,
      84,
      46,
      83,
      20,
      12,
      65,
      64,
      91,
      63,
      8,
      49
    ],
    [
      13,
      40,
      68,
      24,
      76,
      23,
      42,
      22,
      41,
      27,
      54
    ],
    [
      53,
      32,
      89,
      48,
      37,
      50,
      47,
      9,
      18,
      61,
      90
    ]
  ]
}