{
  "instance": "R207",
  "vehicles": 8,
  "total_distance": 1241.388,
  "capacity": 200,
  "horizon": 992.4832319445123,
  "feasible": true,
  "routes": [
    [
      7,
      97,
      100,
      94,
      86,
      92,
      101,
      99,
      38,
      60,
      96,
      95
    ],
    [
      93,
      43,
      16,
      44,
      15,
      45,
      39,
      87,
      17,
      62,
      85,
      18,
      6,
      61
    ],
    [
      41,
      74,
      23,
      42,
      24,
      68,
      26,
      56,
      55,
      81,
      69,
      78,
      13
    ],
    [
      29,
      77,
      4,
      80,
      79,
      82,
      10,
      36,
      67,
      21,
      11,
      32
    ],
    [
      28,
      70,
      89,
      63,
      20,
      12,
      65,
      64,
      91,
      33,
      31,
      71,
      2
    ],
    [
      90,
      19,
      84,
      46,
      47,
      37,
      50,
      48,
      49,
      9,
      83,
      8,
      53
    ],
    [
      54,
      22,
      73,
      3,
      58,
      88,
      98,
      14,
      59
    ],
    [
      51,
      34,
      52,
      72,
      66,
      35,
      30,
      25,
      40,
      57,
      76,
      75,
      5,
      27
    ]
  ]
}