{
  "instance": "RC107",
  "vehicles": 16,
  "total_distance": 1997.784,
  "capacity": 200,
  "horizon": 230.22642938839647,
  "feasible": true,
  "routes": [
    [
      96,
      85,
      86,
      64,
      77,
      90
    ],
    [
      62,
      82,
      43,
      45,
      44,
      69
    ],
    [
      72,
      94,
      95,
      97,
      55
    ],
    [
      65,
      52,
      50,
      21,
      57,
      92,
      81
    ],
    [
      68,
      32,
      30,
      29,
      27,
      28,
      34
    ],
    [
      93,
      63,
      51,
      35,
      31,
      33
    ],
    [
      91
    ],
    [
      99,
      54,
      100,
      58,
      67
    ],
    [
      66,
      87,
      88,
      60,
      98,
      75
    ],
    [
      84,
      23,
      20,
      22,
      19,
      49,
      24,
      26,
      25
    ],
    [
      83,
      13,
      15,
      74,
      79,
      61
    ],
    [
      70,
      89,
      80,
      8,
      9,
      47,
      7,
      101,
      56
    ],
    [
      12,
      48,
      18,
      17,
      16,
      14,
      10,
      11
    ],
    [
      73,
      42,
      39,
      41,
      37,
      36,
      38,
      40
    ],
    [
      53,
      59,
      76,
      78
    ],
    [
      3,
      5,
      46,
      6,
      4,
      2,
      71
    ]
  ]
}