{
  "instance": "RC102",
  "vehicles": 14,
  "total_distance": 1667.0,
  "capacity": 200,
  "horizon": 240.0,
  "feasible": true,
  "routes": [
    [
      70,
      89,
      54,
      56,
      69
    ],
    [
      97,
      72,
      91
    ],
    [
      92,
      64,
      63,
      68,
      85,
      57,
      67
    ],
    [
      43,
      45,
      62,
      82,
      55
    ],
    [
      99,
      74,
      80,
      79,
      61,
      101,
      71
    ],
    [
      22,
      24,
      87,
      58,
      75,
      60,
      53
    ],
    [
      73,
      40,
      37,
      41,
      39,
      42,
      44,
      36,
      38
    ],
    [
      3,
      46,
      9,
      8,
      7,
      47,
      5,
      6,
      4,
      2
    ],
    [
      51,
      34,
      29,
      31,
      90,
      86,
      96
    ],
    [
      65,
      52,
      77,
      50,
      26,
      78
    ],
    [
      83,
      100,
      88,
      98,
      76,
      59
    ],
    [
      66,
      20,
      49,
      19,
      23,
      21,
      25,
      84
    ],
    [
      93,
      35,
      30,
      28,
      27,
      32,
      33,
      94,
      95,
      81
    ],
    [
      15,
      48,
      12,
      16,
      17,
      10,
      11,
      14,
      18,
      13
    ]
  ]
}