{
  "instance": "RC104",
  "vehicles": 11,
  "total_distance": 1277.0,
  "capacity": 200,
  "horizon": 240.0,
  "feasible": true,
  "routes": [
    [
      81,
      95,
      68,
      51,
      35,
      32,
      72,
      94,
      97
    ],
    [
      70,
      99,
      54,
      89,
      56
    ],
    [
      21,
      50,
      20,
      24,
      22,
      49,
      19,
      26,
      25,
      23
    ],
    [
      82,
      55,
      73,
      62,
      71,
      3,
      8,
      7,
      101,
      69
    ],
    [
      83,
      11,
      12,
      16,
      17,
      18,
      48,
      15,
      13,
      14
    ],
    [
      92,
      64,
      90,
      77,
      85,
      86,
      52,
      65,
      57
    ],
    [
      66,
      100,
      10,
      60,
      75,
      58,
      84,
      67
    ],
    [
      91,
      53,
      87,
      88,
      98,
      76,
      59,
      78
    ],
    [
      43,
      45,
      44,
      39,
      38,
      36,
      37,
      41,
      40,
      42
    ],
    [
      93,
      96,
      63,
      34,
      33,
      31,
      29,
      27,
      28,
      30
    ],
    [
      61,
      79,
      74,
      80,
      9,
      47,
      5,
      46,
      6,
      4,
      2
    ]
  ]
}