{
  "instance": "RC105",
  "vehicles": 15,
  "total_distance": 1711.0,
  "capacity": 200,
  "horizon": 240.0,
  "feasible": true,
  "routes": [
    [
      89,
      80,
      74,
      61
    ],
    [
      73,
      40,
      37,
      39,
      42,
      38,
      36,
      55
    ],
    [
      65,
      84,
      100,
      87,
      58,
      75,
      59
    ],
    [
      62,
      82,
      72,
      95,
      94,
      97
    ],
    [
      53,
      52,
      77,
      90,
      49,
      22,
      26,
      25
    ],
    [
      3,
      46,
      6,
      4,
      9,
      7,
      8,
      47,
      5,
      2,
      101
    ],
    [
      99,
      13,
      15,
      12,
      10,
      11,
      14,
      18
    ],
    [
      43,
      45,
      41,
      44,
      71
    ],
    [
      70,
      79,
      56,
      69
    ],
    [
      93,
      32,
      30,
      28,
      27,
      29,
      35,
      51,
      81
    ],
    [
      66,
      20,
      24,
      19,
      23,
      50,
      21,
      78
    ],
    [
      96,
      64,
      34,
      31,
      33,
      86,
      92
    ],
    [
      63,
      68,
      85,
      57,
      67
    ],
    [
      83,
      48,
      17,
      16,
      88,
      60,
      98,
      76
    ],
    [
      91,
      54
    ]
  ]
}