{
  "instance": "RC106",
  "vehicles": 18,
  "total_distance": 2231.18,
  "capacity": 200,
  "horizon": 230.22642938839647,
  "feasible": true,
  "routes": [
    [
      84,
      20,
      24,
      22,
      19,
      49,
      26,
      25
    ],
    [
      13,
      15,
      48,
      54,
      56,
      69
    ],
    [
      62,
      82,
      91
    ],
    [
      66,
      100,
      58,
      87,
      75
    ],
    [
      60,
      76,
      98,
      59,
      78
    ],
    [
      43,
      45,
      41,
      37,
      36,
      38,
      44
    ],
    [
      53,
      88,
      10,
      14,
      11
    ],
    [
      3,
      46,
      6,
      4,
      2,
      71
    ],
    [
      70,
      99,
      79,
      74,
      80,
      61
    ],
    [
      96,
      63,
      64,
      86,
      85,
      57,
      92
    ],
    [
      52,
      77,
      90
    ],
    [
      93,
      68,
      72,
      95,
      81
    ],
    [
      30,
      28,
      29,
      27,
      35,
      94
    ],
    [
      32,
      34,
      31,
      33,
      51
    ],
    [
      89,
      7,
      8,
      9,
      47,
      5,
      101
    ],
    [
      65,
      23,
      50,
      21,
      67
    ],
    [
      83,
      12,
      16,
      17,
      18
    ],
    [
      73,
      39,
      40,
      42,
      55,
      97
    ]
  ]
}