{
  "instance": "RC205",
  "vehicles": 9,
  "total_distance": 1463.0,
  "capacity": 200,
  "horizon": 960.0,
  "feasible": true,
  "routes": [
    [
      64,
      34,
      31,
      28,
      29,
      27,
      30,
      32,
      35,
      51,
      57
    ],
    [
      66,
      3,
      46,
      6,
      47,
      9,
      8,
      7,
      11,
      61,
      56
    ],
    [
      62,
      39,
      42,
      41,
      36,
      38,
      55,
      69
    ],
    [
      70,
      99,
      89,
      82,
      97,
      72,
      96,
      85,
      86,
      90,
      33,
      94,
      92,
      81
    ],
    [
      93,
      95,
      63,
      68,
      52,
      77,
      23,
      25,
      26,
      78,
      59
    ],
    [
      84,
      65,
      20,
      24,
      22,
      49,
      19,
      50,
      21,
      58,
      67
    ],
    [
      83,
      13,
      12,
      16,
      17,
      48,
      15,
      74,
      80,
      79,
      54
    ],
    [
      91,
      100,
      53,
      87,
      10,
      88,
      60,
      76,
      98,
      75,
      14,
      18
    ],
    [
      73,
      37,
      40,
      43,
      45,
      44,
      2,
      4,
      5,
      101,
      71
    ]
  ]
}